057438639@ecampus.ut.ac.id:Ut07092007#
1062581@senacminas.edu.br:Apox2oper@@@
1086514@senacminas.edu.br:Senha@17869675610
1113212001@ms.wzu.edu.tw:Ss950604pain
1122000328@sfsaryabhatta.com:Noman737
11418@smkn2sragen.sch.id:Polisi2711
117sinh1.phong.danghoanghai@c3chuvanan.edu.vn:Hp19102009@
1539651@mec.edu.py:CAVAYU1972guichomelo
16290526@aluno.uniasselvi.com.br:27082003@jL
1949790914hs@thainguyen.itrithuc.vn:19/7lasinhnhattui!
2006000071@ilbc.edu.mm:Depamaung2025
2011901223@o.cnu.ac.kr:@@jun5723933
2015121903@alu.uap.edu.pe:Guessepi0498!
2020-0476@est.itsc.edu.do:Riaz2025
2021033250327@alunocarioca.rio:rio20/09/2016
20210446@isctem.ac.mz:Uamusse27
202212008632@alunos.estacio.br:An@041406
20224752059@ogr.akdeniz.edu.tr:123EnD123
2023375351@isiswa.uitm.edu.my:Ahza3873%
20242022219@std.nisantasi.edu.tr:kk9056Abd100%
2024401688@isiswa.uitm.edu.my:amjad@2006
212006022@student.green.ac.bd:shawon@111
212105425@o6u.edu.eg:hossam@2003
21dtth035@hvu.edu.vn:thv123456@
231094662@deltaker.minutvikling.no:Jimza12345
24141401019@ogr.yeniyuzyil.edu.tr:TlhKrdn@123
24651221.khanh@student.iuh.edu.vn:02092006Khh*
31211573103@ueh.edu.vn:Ueh@352772580
31783731@uts.edu.ve:petra2022-
3468596@aluno.uniasselvi.com.br:A@13007118417
40325@chs.ac.th:O1ta2kung3
426650693@yatta.edu.ps:moe@4266
444145748@tvtc.edu.sa:#FAre5v1111
444210368@tvtc.edu.sa:Aa$#@123
445204384@tvtc.edu.sa:Oahk@3373
4858576312@danang.itrithuc.vn:4xU7DB4F
60608479@continental.edu.pe:mernicopusespro9
6150011019@email.psu.ac.th:Pornsak4208_
622125@univem.edu.br:Matheus400
626161@volt.eu:Malekosman0.
70ac44129291@campus.economicas.uba.ar:Maia1234#
72383818592@moravarosi.hu:Eredetem02
7730163145@bariavungtau.itrithuc.vn:Quynhan1234
8649954@aluno.uniasselvi.com.br:F@04103097027
89zm30641694@campus.economicas.uba.ar:La530906@
a38883525@eco.unrc.edu.ar:Voj93303
acongiu@ispagano.edu.it:27082022Ff
admin@agrocete.onmicrosoft.com:ZAh33e0rLb0v3$OtZtq@
ahmed22410001@nmu.edu.eg:Afreezer009
al11144@aevjuromenha.com:H!539098308765uh
alcy.cordoba@sedhuila.edu.co:8369799aL
ales_0969606825@centeronline.edu.vn:MSales@123
anas302018160@m-eng.helwan.edu.eg:Abo22399
andrea.diaz33@inacapmail.cl:Arterisco1#
andrea00456@kisp.academy:UPpgs690
andrii.semyditnyi@student.wab.edu.pl:A13122002225b
anish518916@gmcinr.com:Anish@08
ap0801270@apss.edu.my:Lzw@2323
bary.haytam@ofppt-edu.ma:Nsyfz4188
chanthorn.lin@gsc.itc.edu.kh:chanthornlin@1995
club@farenet.pe:Farenet2021***
cmagana.acad999@jal.conalep.edu.mx:Dedogordo1
da20090156@aschool.edu.vn:Minh@768
dcd202355770@mylife.mku.ac.ke:1023Ej
designer2@seculife.us:Chakie1224
dn-18-20177@uniremhos.edu.do:Uniremhos-20
dochoa@unitec.edu:Hat1972##
edin.arrecis@crediopciones.com:Ed1n#0125
epraskapetra.001@ski.sch.id:fTGRVQlF-1
estela.parada150176@liveusam.edu.sv:Stella1996
evenson.perezc@comunidad.iush.edu.co:Guatape2205
ghita_bellarabi@um5.ac.ma:V8V744G9
gptms3578140709960001@dispendik.surabaya.go.id:F4t4h1l4
gruber.lorenz@lichtenfels.at:lol4.Yolo
halid.hallaf@samsun.edu.tr:Bsmellah1!
helmyraditia@pu.go.id:Dammiati75201623092021aduhai
hhaksoe1@kmd.edu.mm:kmd123!@#
islam.ha1@eng.bsu.edu.eg:m@f205070
jarces@ulicori.net:116130582Ma
jterver@numerique-educatif.fr:Licune_2
juan@aldaja.e.telefonica.net:Brasil19
keithshanley.magpuyo.23@usjr.edu.ph:1472580369Ss*
ko.dotemin2019@esatic.edu.ci:Es@tic2019
kotai.d@szi60.onmicrosoft.com:Rita0606
letishiasoro23@mwalimu.tsc.go.ke:Rodi@2030
liam.davis@conextek.com:Hamze@2024
m22ls06@mccblr.edu.in:786@Baish
manager@springer.capital:SPRC22!!
matt.mat@student.mahidol.ac.th:wolf6665
media@unimac.edu.gh:VMqmu2025!!
mnavarro35@estudiantes.areandina.edu.co:A1fellnxb647*
moudjab.kegnide@mit.edu.sn:moudjabp@ssword1
nada.2024000762@buc.edu.eg:Ks442014
paula.barros@aeprs.pt:Joaorui2
pmm4265593@postgradoutb.com:2022.Mollinedo
rb214037@beseri.mrsm.edu.my:mu@214037
renatosouza@ufpr.br:Rs99416898#
ribeiraocascalheira.mt.ead@unimar.br:He@101513
robby.novrizarwijaya@pu.go.id:Pupr231196
rojo.274265@calamba.sti.edu.ph:Ojorcivor31
ruven.gelie@sacrecoeur-ploermel.fr:inorok#56
s011163@o365.tcssh.tc.edu.tw:EvpnQY36
s12445@tis.edu.sa:Vbbq53501
sediakgo@ub.ac.bw:@Kgotla@2010
sgiddings@flyspi.com:KSPIm@1L
stum2015018835@privatemoe.ae:Moe@20202020
ths18dnnminha@ms.hluv.edu.vn:9Dths@20212022
vi04629@innovaccion.mx:kira_1901
victormaina32@mwalimu.tsc.go.ke:@Grace004
vladimir.sanchez24@itca.edu.sv:Sanchez#17
wanyou.zokora@iua.ci:Gas09362
y-carrillo@uadec.edu.mx:Autonoma_12
