0000121025@aiou.edu.pk:Breb6120
0000466893@aiou.edu.pk:Ybdt5710
0000491435@aiou.edu.pk:Jsdr5637
0001013742@aiou.edu.pk:Bfea1590
0074797525@man14jakarta.sch.id:@Man14jkt
0093768@st.huce.edu.vn:Nhuphong2k5@
01240200202@mail.udes.edu.co:Mario9007
030784@fadipa.br:Alu@12351728645
045018474@ecampus.ut.ac.id:Deasafitri122002
049822977@ecampus.ut.ac.id:Dahlan123
052895977@ecampus.ut.ac.id:Ikhwannulhakim09
053222825@ecampus.ut.ac.id:Adammlk4103
053557389@ecampus.ut.ac.id:S@lutpmc2025
053905755@ecampus.ut.ac.id:Ut04092005
056129687@ecampus.ut.ac.id:Utama01#
0902388571@office-365.com.tw:Aa43132332
100057164@fart.s-mu.edu.eg:Tun38201
1025413nib@lc-ps.org:20100202
10267@of365.online:V.89239190
110210100@sv1.dut.udn.vn:fakergamer0@
1120340@ncyu.edu.tw:s73491106
1125@officei.xyz:fx@1994.#*00
11773@alumnos.liceojavier.edu.gt:angel*100
1190101010@nku.edu.tr:umut5234
120250304041@st.ahu.edu.jo:2001503041@Aa1
124035@wccbm.ac.in:wccbm#123
1258@offices.pink:8bUhCAa2
13000065@eadcasj.com.br:Joao250308
1398.dhaanya@cygnusschool.com:Kavita123$
14796@of365.store:orhanelhan.2019
150408020@live.unilag.edu.ng:Ebubechukwu@2003
1565239@student.edu.az:Zjg83129
1574abrar_i@indianschool.com:Abrar#1574
1621051041187@outlook.rmutr.ac.th:nuttapon123za
1622130053@iesb.edu.br:Titans1995
16448158@aluno.uniasselvi.com.br:*$LinuxMint25@#$
16886127@aluno.uniasselvi.com.br:Luanova@10
176p0816@itspozarica.edu.mx:230298ITSPR@
180411012@ohu.edu.tr:sab0-ce123
1819000434@dietms.org:Prash@2000
19485a0410@gecgudlavallerumic.in:Susmitha@275
19896526@psm.edu.ve:Caitrin.1991
20-1-43-005060@sol-du.ac.in:sol#200100085528
20051046@ueb.edu.vn:Buntin2002
2010110300677@alunocarioca.rio:rio28/01/2007
20130472702@cafam.edu.do:colegio2702
2014129898@alu.uap.edu.pe:C4kmskcl@1
20150006781@my.xu.edu.ph:tinben_1979
2017115089@alu.uap.edu.pe:Ayacucho2023*
2017134553@alu.uap.edu.pe:Parker@2702
202000822@office.hanseo.ac.kr:50255025park!
2020240008@icam.edu.pe:Icam.73035139
2021-316@ekf.rs:Rimujese.123
2021-327@dbliluah.onmicrosoft.com:Mot55@#8
20221023@miucateci.edu.do:f70pviok
202307243451@alunos.estacio.br:151081@Ma
202320393@uopstd.edu.jo:gjj3m5@78eh
202401418366@alunos.estacio.br:Lary@1308
202402164971@alunos.estacio.br:Ni30Pi10
20240243@miucateci.edu.do:hwcdjerw
20241002803894@pucgo.edu.br:batata123
202503590941@alunos.estacio.br:077333@Ge
202507383311@alunos.estacio.br:001275@Al
202508129541@alunos.estacio.br:121513@Lu
202511040971@alunos.estacio.br:868027@Is
2025_foltyniewiczkacper@zst-ostrow.edu.pl:12345S.ystemy54321
2051020036hao@ou.edu.vn:H@ovo06092002
20512021100094@medicine.zu.edu.eg:As151120022002
2057010116du@ou.edu.vn:&TWt2!e4
208270020@castrocarazo.ac.cr:Cc2025*BDMS
20912018100458@fci.zu.edu.eg:Woq82534
21-1-44-000239@sol-du.ac.in:sol#210100012793
2101692@hup.edu.vn:Khongmoduoc12
21020833@vnu.edu.vn:long2203@
2102253@eng.asu.edu.eg:Linux4ever
2120442004_zul@student.unand.ac.id:Megazul86.
2151110042@ut.edu.vn:Taobikhung2909.
22073078@vnu.edu.vn:Minhtuan2510
2240104598@unijorge.com.br:09072005
2256990019@pnt.edu.vn:K@0hPNT1004
2260896101@ataa.sch.sa:Ataavfue%
228249@365net.co:Johnaa225!ee@$4gz!
2300371@eng.asu.edu.eg:Sama#1240
230050164@stikom-bali.ac.id:123NandaBos*#MICROSOFT
232104011@adiyaman.edu.tr:Kedy.000
23dh140525@st.huflit.edu.vn:Maily26102005@
241275@utags.edu.mx:2-e#79f7cf
24311009@myros365.onmicrosoft.com:Nav48397
2746261@student.edu.az:Vahid2011
2b3005@bvmglobal.org:Nitish2009
3011676@sd129.org:Ke11032009$
31168809@psm.edu.ve:Lobouwu123
31211024516@ueh.edu.vn:Ueh@251276339
31300@ppk.ac.th:Ppk123456789
31407570@uts.edu.ve:2006*Daniel22
3142081@student.edu.az:Fan69989
31943652@psm.edu.ve:#Daniel0901
32201215421@ued.udn.vn:Sen1234@1
346235@student.linnmar.org:Tuw13583
34ri90005694@campus.economicas.uba.ar:Canela2703!
3618209786@hanoi.itrithuc.vn:123456a@
411220416@sv.ufl.udn.vn:07082004@Danh
42510104.mohamed@acu.edu.eg:Mohamed2837
428838718@bethlehem.edu.ps:s@123456
4300260457@mymcsd.org:09Wc4343
432979474@salfeet.edu.ps:Boys@12345
43482@office.mo.cn:CAO56563035cao
445506014@g102019.moe.edu.eg:nf2@e4ev
445972993@g102019.moe.edu.eg:o5m@hlh2
44942@prc.ac.th:11/10/2550
469469051@g102019.moe.edu.eg:cvj@hx19
472775544@g102019.moe.edu.eg:z0a@l2yn
4822912@alunouninter.com:Putrique1#
4a755066@office.stust.edu.tw:ralph9852
504550731@castrocarazo.ac.cr:Cc20042208*
5139374183@quangngai.itrithuc.vn:Dax57462
5154488@aluno.uniasselvi.com.br:Locatelli08
538664.tcs@csn.edu.pk:Csn@123!123
5402210985@phuyen.itrithuc.vn:Abc@55667788
5421120039@phuyen.itrithuc.vn:Songcau@697989
5454407588@phuyen.itrithuc.vn:HocsinhSH@2021
5650@slsm.edu.om:lithula@2010
578129@pvpusd.net:gavindiaz13
5801486686@ninhthuan.itrithuc.vn:Hoahocnt@
59.aminnurwakhid.jateng1@jatengpintar.id:Arissa01
598746@nur.edu.bo:7808775ers.
6068482@pharm.s-mu.edu.eg:Pam61303
61450473@futuraschools.edu.pe:Farid2008
6161@myoffice.site:Supernatural1996
67020339@kmitl.ac.th:qT1enykdmf
6891.guilhermerocha@esqm.pt:Fiaubsg_
6918357@aluno.uniasselvi.com.br:Black@2126
6981244@aluno.uniasselvi.com.br:Trik@201@
71707280@usat.pe:Huevos1402
75689527@istsanpablo.edu.pe:Zav55247
765226@mylife.mku.ac.ke:230196
77.garpla.josale@lasalleguayaquil.edu.ec:Alejandro6914
77061@office.mans.org.pl:Amkakma0403
7783@flavioresende.pt:Cilita2120
7959027@aluno.uniasselvi.com.br:Dudu2004.
8133382u@365.szkolakarsin.pl:Wikpali1
a.adamovich@zsp5siedlce.pl:Sup60282
a.shawky020@pharmacy.zu.edu.eg:Nat22006
a.t.awatleh@students.ptuk.edu.ps:30430836
a11223@aeovarsul.net:Lak76788!
a23b06@stu.kollarovka.cz:An1212du
a24593@aecanecas.eu:Slb2021@
a4139@aecm.edu.pt:Stellingviana2013
a44689@thanglong.edu.vn:CRWE7aE6eb
a6288@myoffice.site:ifag20ifa!!
a6305@aemurtosa.edu.pt:Holiveira2007!
abisyahmi.jazlan@menglait.moe.edu.bn:Aspirasi2021 Syahmi
adminrpl@smkn6jember.sch.id:Admin-a12345678
ads_731360@privatemoe.ae:Ghk@123456789
al.paulo.pereira@aelc-lamego.pt:Portugal.21
aluno29843@aeermesinde.net:Aee29843
am2248840072@am.edu.sa:2248840072@am
anastasia_maria.gatti.s@liceochinimichelangelo.edu.it:10880MalibuPoint90265
arcodigos142@365office.site:Bragadin@
armada.ssc@ipcmarine.co.id:Jai1234567
arman@cross-world.com:61@79#Armz%T3!
b15981@office365.blue:236985su**
bahara@du.edu.et:Retaj@7732
barsony.zsolt@mechatronika.hu:cau#25pepa
bbit202251106@mylife.mku.ac.ke:kinuthia2022
bbonilla@cfia.or.cr:Musica10Musica10
be25ec062@vvpedulink.ac.in:D@21-08-2008
bennettk6@student.acpsd.net:1Sigh*Set@5
boonmun.pun@ovecmail.org:Bmpr1234
brianna.gutierrez@raimondi.edu.pe:GUbri359
carlo.andrade@edu.contagem.mg.gov.br:Car19lo12
carlosmoreira@aelousada.net:Vux65270
cdauni@uni.edu.pe:Tuntuneros AU AU 2024
choabraham@predinsa.edu.gt:Xuj691234
cichina@indoamerica.edu.ec:A.1805120654
claude.lafrance@csdufer.qc.ca:304C*l437
cr192669@alumno.udb.edu.sv:Joy11785
crarceg@saintmichael.ed.cr:Tomas1510
csaoli960@hengersor.hu:Csajki2009!
d4k27luonglehuy@phc.edu.vn:Lehuy051208
d8715@ioffice.site:WPyui212()<>
dandrzejewski@sp8.legionowo.pl:9876.Niuniek
dangvinh68@j2.team:Duongvinh@06022014
dcm.acad004@df.conalep.edu.mx:Inmortal1977
derrick.harvey@d158.net:ID#14252
des23_0473@jarvisedu1.com:Hirosaki021021
designer2@seculife.us:Chakie1224
dln71302@udelasalle.edu.mx:N@vol2001
e_2016100492a@uncp.edu.pe:Uncp2020
eleazar.wibowo@student.uphcollege.ac.id:E1eazar_atharwa
erico0420@conalepmex.edu.mx:612erick*
fanncy.rios@unas.edu.pe:Alw120901
ferdinando.mari@comprensivofigline.edu.it:Formica2
fgs-502mss23015@kdu.ac.lk:Unifil123456
fh202302000@alm.buap.mx:ENDERender12@*
filip.swaczyna@net.trivis.cz:u2JZDcmy
fionamona1000@student.unp.ac.id:N9bx2-d4UM%
fnu0078@my365.site:Fmasamasa613
gabriel.rezende11@aluno.unip.br:Julia#410
gazmend.bujupi@student.cacttus.education:Ajemire168168
gistaanggipramudita@students.undip.ac.id:Gemini1234.
glrgrl05h01h224b@studenti.unirc.it:DISIEJFIWIENDI392972SUXUDJ2627HD
gulen_aehit@students.vizja.pl:Serhat11@
hemmingsg@students.abiit.edu.ag:Blacktea15
hh3535@office-365.works:Bansi0714
ialarconm@campus.eug.es:Snow11_09_pro
igor.rysztak@edu.zs1.wroc.pl:Kotek09
inaldevania.silva@parceiro-kroton.com.br:Q4RgH@pB
ipcsdesigners@ipcsglobal.com:R.743858529664an1
isabellaflorencio@wrprotestos.com.br:Cartorio@2024
ismael.aqouar@etu.cyu.fr:ada41478298M.
jan488@genuine365.net:Arsyadinata02
jcidc@cgb.edu.gt:#J0yC0nDr1ft15453r10u5Pr0bl3m
jcorderom0257@ulicori.net:Mitelefono24021986**
jeffery.moore@stu.floyd.kyschools.us:jmoore4079
jenniferselda@spup.edu.ph:spup@2025
jhoan_sanchez@usmp.pe:brayan1234
john.202020298@buc.edu.eg:JOHN298@
jpagkaliwangan2250024@aims.edu.ph:Cyrus0162005
jrmartinezg22@ul.edu.co:Javi310351@
juan.donado@pi.edu.co:Despierta7
juan.monsalve.61@est.ucacue.edu.ec:Monsa.2002
juan.torres67@correo.tdea.edu.co:Tec20248
juan@aldaja.e.telefonica.net:Brasil19
jules.mone@iua.ci:Mje2025*
julian.velasquez75@correo.tdea.edu.co:Julian2001
k28anhtd2@ntthnue.edu.vn:Iampro123@
kacper.chmielowski@szkola.salezjanie.com:Erwin2974@
karanveer@students.smsarjana.edu.bn:Huw17944
kcazaresgz18@cobaep.edu.mx:Cookiesinthesky27
kelly.waiharo@o365.strathmore.edu:Hawi@2006
kenan.coggins052@stu.vide.vi:Kc701052@
kholeva@students.carbondalearea.org:32142
kimbrylle.delavictoria@cit.edu:dHANBAGYOU11
kingkonghr@365office.site:Kingkong9099
konarzl4950@absstudents.abs.misd.net:09212011LK!
kot2222@atvssnis.edu.rs:Dimitrijeheat02!
kritsakorn.aue@spulive.net:1409903458686
l205q0267@cosamaloapan.tecnm.mx:Qoh41709
l21211123@tijuana.tecnm.mx:D010718j
l21211718@tijuana.tecnm.mx:thebigDker117
l21321083@acapulco.tecnm.mx:Lopezju64531052003
l22211035@tijuana.tecnm.mx:sNhJYiidcFkQG8e
len0544@my365.site:Ycj@_@12315
leonproietti@icmartellini.onmicrosoft.com:Birillo2018
liezlee.larita.20@usjr.edu.ph:Tsuki25!
lorena.chavolla@docente.aefcm.gob.mx:Feita1881
lpalacios0620@pue.conalep.edu.mx:Wup74271
luan.martins@office365.iff.edu.br:id.IFF.1
lvallejo2@utmachala.edu.ec:MeyLoki_2006xof
m.hamdi@studystar.fr:Mah#122624ham
m.kadlec.20@student.gymzl.cz:Dvojcata11.9.
m16938@std.moe.om:oman@A7072
make.c.4364@aenynanp.gr:Kalamazoo1234$
manuel.pordeus@loyola.g12.br:13766487680
marcel.kozica@spsteszew.pl:Karuzela55
mariaalejandra.samaniego@copime.org.ar:Maru35997770
mariaddtd@copi.vip:Week@bs@1303
mariana.morais5@aluno.unip.br:@Samuel2009
maricela.cacayben@ug.edu.ec:Emmanuel14
markanthony.bisnar.21@usjr.edu.ph:Deathgod213
marvizu2423@son.conalep.edu.mx:INFO-106
matematyka@lo2.wroc.pl:Mathlo21718
matias.aguirre@iscamail.cl:Rubio2006
mayank.jain2021@vitbhopal.ac.in:Mj10293847561
mdgarcia215@est.sanjosemanta.edu.ec:@0808gott
media.smae@haui.edu.vn:SMAMedia@#
mfreddy@ugb.edu.sv:M464u53r
mgonzalezb@tecnocomfenalco.edu.co:Tecno2021
mohamad.mosalam@snablus.edu.ps:91055180@heba
mohamed.2283228@tse.moe.edu.eg:RomaMohamed123#
montaldo.gomez.alejandro@comunidad.uces.edu.ar:remember33
mouhamedaziz.boussairi@esprit.tn:251JMT2023*
muhammad.126242165@stu.untar.ac.id:*#Raihan22*#
muhammed.celik@gop.edu.tr:Kak97273
my442@365e.live:Vb12gh2021
nanertigaara@ufmg.br:Naner$$2486
nathanael.705220163@stu.untar.ac.id:Pewdiepie123
nec0124004@nttf.co.in:Neelakanta26
nfitzgerald@hopechoice.com:HopeChoiceNF!
nick.visch-sluy@sus.bktl.de:17102007
nicolas.bonilla@stfrancis.ed.cr:Ferremax123
nicolas.jo@student.uphcollege.ac.id:e3625GJksT296Vsj
nov279@genuine365.net:Bardan83
np070051@mail.apu.edu.my:Np070051@2502
nyokpa.koffi@iua.ci:KNCf2004
officee132@awzg.office.gy:PTO043xUjzn!3x
omar5011963@islamic-ec.edu.jo:iec@12345
orestas.burlingis@gedminai.eu:Peugeot307
oziel_pineda266699@icest.mx:Icest123
p17444@office365.blue:rhksduq/1
p8666@office365.blue:MO201219)
pafolevel@csn.edu.pk:1506Purneema
pascale.dario@afg-dueren.de:1707
patrizio.cesarini@alberghierovelletri.gov.it:Patrick00987!
payment@ncri.com:Denver30!!
pderehajlo@zsmbialystok.edu.pl:JAPANgry49@
pestik@babits.hu:Evo412evo
petar.petrovic2@skolers.org:Petar7812!
pfeliz28@ucateba.edu.do:Diosbmhpma08
pruluc@nmsoberwaltersdorf.ac.at:MNiL123#
pushpakant.sonawane@mit.asia:Pushpkant@2001
pvelasquez422@unitec.edu:Mate1998
q10113@std.moe.om:oman@R1989
qzcqr@od1.me:dkrlahrthfl0~
ra21079628-5@aluno.unicesumar.edu.br:@qqarelmqasaepql21
rafaelovalaura@zamek.zamberk.cz:rala0871
ravin@student.unp.ac.id:X3md4%p6BV$
rgrimley@myoffice365.site:Walkers99
rianipepe@officeme.id:Pumpkin2909
rm16007@medicina.ues.edu.sv:Zerox00789
robert.palamida@student.upt.ro:Phantome142
robinpaulus@students.undip.ac.id:Dar!eldap57
rodrigo.pereira@ipcbcampus.pt:Peixinhos5
rogerswi2024@wetherbyhigh.co.uk:Iron&Division&Repeated&67
ru.alnaas@uot.edu.ly:roeda2002@aquaria
ruann.maciel@ufsc.br:Rfm121299
rui3151@ee.aeaa.pt:Ruijorge1336
rute.sofia.espada@aecampomaior.pt:Buw51142
ruthenciso16@mec.edu.py:85102612Miguel
s2230010220@sd.uni-vt.bg:Lyusiana1948.
s2466600@std.moe.om:oman@H5351
s2931563@std.moe.om:oman@I8953
s2966160@std.moe.om:oman@J3800
s565757@charterschools.ae:ARF@565757
s566347@charterschools.ae:ARF@566347
s955@my365.fit:Rio110303
sahar.bano@csn.edu.pk:C1ty5850720
samwel.wairegi@o365.strathmore.edu:0718883321.Sam
sandeep_r@ce.iitr.ac.in:Hellboy@2015
santiago.lopez@ibcomunidad.edu.ar:Lopex7!!
sara.oulcaid@esith.net:Tazart2003@
sbatista19@ucateba.edu.do:12082002
sdrozdov8416@stu.d214.org:031710
sergio.vargas.030725alums@seppue.gob.mx:Pumasazul12
sescobar30@estudiantes.areandina.edu.co:Pass-2024
sf.hashimi@kardan.edu.af:Khalidajan1
shaza.2023014570@buc.edu.eg:Jana4374
sherifi.esmer@gboe.org:Gboe2031
shimaa157996@edu.tanta.edu.eg:Shaymaa1981?
shriyan01992@greenwoodhigh.edu.in:/!&HU_q4
simongitau@mylife.mku.ac.ke:28664610
sizoabi14@med.just.edu.jo:Anaesmebelo1*
socia201710020@social.helwan.edu.eg:@Lwan566389
social201837467@social.helwan.edu.eg:RERsre%456$hgj3h
sorban.ivan@stud.vassboskovice.cz:9517538624Kk
sp0033578132506050003@dispendik.surabaya.go.id:Argan250605
sp0063578101506090003@dispendik.surabaya.go.id:Narendra2
stuf20180011796@privatemoe.ae:PMahl55#
stum2014011438@privatemoe.ae:PWoix54%
sungvlogs@gsu.vn:Anhsung2000@
t02778j@ms.upla.edu.pe:14JULIO2006#
t37215@365i.top:Andretoews99
tari.zsombor@karolinaiskola.onmicrosoft.com:Aszusz711021
tiang4work@o365g.live:Chonggtey@030417
titinon.kon@spulive.net:1129701351948
tnaegelen1@cfai-formation.fr:Edgard0806*
tobi714g@friskolen-oesterlund.dk:Qjv59rqx
tos-10884@oxford.sch.ae:Huda7143
tru0020@rosehillsc.vic.edu.au:Rosehill19
tsnp053722@ugb.edu.sv:Tsubasa2010
tttthuy.govap@hcm.edu.vn:tHUY2204
ttttrinh.d2018@medvnu.edu.vn:tttt@30052000
tuanamran@live.utm.my:Shukri@2005
ugnius.slibinskas@zemynosprogimnazija.lt:Zemyna3d
unati001.320@wsfg.waltham.sch.uk:sprout9
ustgs025625@ugb.edu.sv:Usulutankatherin1515
uzunaoy8946_aehit@students.vizja.pl:Redarrow123.
vhphuc2k7@chuyenltt.onmicrosoft.com:phuc23032007@
victor.receputi@aluno.suprema.edu.br:Suprema123
victoria.herrera@saintluke.edu.mx:Vica9014
vip-hb396@copi.vip:Mz#0112*
vojtech.burian.zak@zsunhost.cz:2035
vs2025-2758@uce.edu.do:Angelica0816
xixfv@kze.me:Peretola*58
ya0373@st.ubt.edu.sa:7ebshI2006@
yara180696@fapa.bu.edu.eg:Ya ra7406
yassmine31066963@art.tanta.edu.eg:Wur72026
ydouhaoui@um6ss.ma:1@83j76300
ymorales2821@jal.conalep.edu.mx:Cop12039
youlin052174@greenwoodhigh.edu.in:h5sBrUag
zacharia.mamok@pme.suezuni.edu.eg:Monyluak9
zana.hadzimolic@os-mtito.edu.me:Elsazerina123
zavin.maynard@moestudents.edu.kn:istudy@123
zz949@office365vip.tw:Kutay2695
